<?xml version="1.0" encoding="UTF-8"?>
<!DOCTYPE hibernate-configuration PUBLIC
		"-//Hibernate/Hibernate Configuration DTD 3.0//EN"
		"http://hibernate.sourceforge.net/hibernate-configuration-3.0.dtd">
<hibernate-configuration>
	<session-factory>
		<property name="hibernate.connection.driver_class">com.mysql.jdbc.Driver</property>
		<property name="hibernate.connection.password"></property>
		<property name="hibernate.connection.url">jdbc:mysql://localhost/exerorm</property>
		<property name="hibernate.connection.username">root</property>
		<property name="hibernate.dialect">org.hibernate.dialect.MySQLDialect</property>
		<property name="connection.pool_size">1</property>
		<property name="show_sql">true</property>
		<property name="hbm2ddl.auto">create</property>
		<property name="hibernate.current_session_context_class">thread</property>
		<!-- Mapping files -->
		<mapping class="br.univille.aps.exerorm.entity.Produto" />
		<mapping class="br.univille.aps.exerorm.entity.Pedido" />
		<mapping class="br.univille.aps.exerorm.entity.ItemPedido" />
	</session-factory>
</hibernate-configuration>